linha,feature,valor,shapley,ambiente
0,age_days,158.000000,-0.018839,Cybersecurity
0,mrr_amount,589.000000,-0.008385,Cybersecurity
0,seats,31.000000,0.000749,Cybersecurity
0,tenure_days,187.000000,0.000819,Cybersecurity
0,u_count,52.000000,-0.003552,Cybersecurity
0,u_errors,1.000000,0.004765,Cybersecurity
0,t_n,5.000000,0.002834,Cybersecurity
0,t_csat,4.000000,-0.000559,Cybersecurity
1,age_days,81.000000,0.057614,EdTech
1,mrr_amount,1715.000000,0.027680,EdTech
1,seats,35.000000,0.010584,EdTech
1,tenure_days,111.000000,0.046364,EdTech
1,u_count,56.000000,0.001964,EdTech
1,u_errors,1.000000,0.017147,EdTech
1,t_n,5.000000,0.032269,EdTech
1,t_csat,4.000000,0.010192,EdTech
2,age_days,272.000000,-0.006505,DevTools
2,mrr_amount,760.000000,-0.002504,DevTools
2,seats,40.000000,0.004618,DevTools
2,tenure_days,583.000000,-0.013731,DevTools
2,u_count,75.000000,0.000288,DevTools
2,u_errors,11.000000,-0.007240,DevTools
2,t_n,1.000000,-0.004567,DevTools
2,t_csat,3.000000,0.000080,DevTools
3,age_days,76.000000,0.047421,EdTech
3,mrr_amount,3184.000000,0.001893,EdTech
3,seats,16.000000,-0.020094,EdTech
3,tenure_days,233.000000,0.026816,EdTech
3,u_count,57.000000,0.017426,EdTech
3,u_errors,1.000000,0.017461,EdTech
3,t_n,4.000000,0.028165,EdTech
3,t_csat,4.000000,-0.001657,EdTech
4,age_days,90.000000,0.026503,DevTools
4,mrr_amount,76.000000,0.041531,DevTools
4,seats,4.000000,-0.043531,DevTools
4,tenure_days,223.000000,0.011969,DevTools
4,u_count,9.000000,0.001354,DevTools
4,u_errors,3.000000,-0.048043,DevTools
4,t_n,2.000000,0.001013,DevTools
4,t_csat,0.000000,0.000922,DevTools
5,age_days,450.000000,-0.013176,HealthTech
5,mrr_amount,285.000000,0.007331,HealthTech
5,seats,15.000000,-0.003116,HealthTech
5,tenure_days,537.000000,-0.025530,HealthTech
5,u_count,24.000000,-0.004806,HealthTech
5,u_errors,1.000000,0.003182,HealthTech
5,t_n,4.000000,0.009854,HealthTech
5,t_csat,3.000000,-0.000211,HealthTech
6,age_days,102.000000,-0.006096,DevTools
6,mrr_amount,5572.000000,0.024129,DevTools
6,seats,28.000000,0.007462,DevTools
6,tenure_days,107.000000,-0.007700,DevTools
6,u_count,44.000000,0.012546,DevTools
6,u_errors,5.000000,-0.016597,DevTools
6,t_n,2.000000,0.003154,DevTools
6,t_csat,3.500000,-0.004991,DevTools
7,age_days,76.000000,0.004712,FinTech
7,mrr_amount,3781.000000,0.010204,FinTech
7,seats,19.000000,0.004907,FinTech
7,tenure_days,478.000000,-0.009104,FinTech
7,u_count,74.000000,-0.001652,FinTech
7,u_errors,8.000000,-0.023372,FinTech
7,t_n,3.000000,-0.006619,FinTech
7,t_csat,4.000000,-0.000836,FinTech
8,age_days,429.000000,-0.005125,Cybersecurity
8,mrr_amount,551.000000,-0.000809,Cybersecurity
8,seats,29.000000,-0.000400,Cybersecurity
8,tenure_days,514.000000,-0.019573,Cybersecurity
8,u_count,33.000000,-0.005874,Cybersecurity
8,u_errors,6.000000,-0.003458,Cybersecurity
8,t_n,4.000000,0.007367,Cybersecurity
8,t_csat,4.000000,-0.001069,Cybersecurity
9,age_days,404.000000,0.001918,EdTech
9,mrr_amount,551.000000,-0.008651,EdTech
9,seats,29.000000,0.000900,EdTech
9,tenure_days,405.000000,-0.015512,EdTech
9,u_count,68.000000,0.000843,EdTech
9,u_errors,4.000000,-0.006870,EdTech
9,t_n,5.000000,0.006414,EdTech
9,t_csat,3.000000,0.000164,EdTech
10,age_days,131.000000,0.003688,Cybersecurity
10,mrr_amount,1911.000000,0.002516,Cybersecurity
10,seats,39.000000,0.006440,Cybersecurity
10,tenure_days,147.000000,-0.002607,Cybersecurity
10,u_count,65.000000,0.006617,Cybersecurity
10,u_errors,8.000000,-0.029935,Cybersecurity
10,t_n,3.000000,-0.006972,Cybersecurity
10,t_csat,3.333333,-0.002243,Cybersecurity
11,age_days,7.000000,-0.002555,EdTech
11,mrr_amount,646.000000,-0.004687,EdTech
11,seats,34.000000,-0.000230,EdTech
11,tenure_days,27.000000,0.011230,EdTech
11,u_count,32.000000,-0.005121,EdTech
11,u_errors,3.000000,-0.016872,EdTech
11,t_n,3.000000,-0.002085,EdTech
11,t_csat,4.000000,0.002236,EdTech
12,age_days,100.000000,-0.001045,Cybersecurity
12,mrr_amount,285.000000,0.001681,Cybersecurity
12,seats,15.000000,-0.003049,Cybersecurity
12,tenure_days,616.000000,-0.017458,Cybersecurity
12,u_count,50.000000,-0.001688,Cybersecurity
12,u_errors,3.000000,-0.009149,Cybersecurity
12,t_n,5.000000,0.001227,Cybersecurity
12,t_csat,3.200000,-0.001451,Cybersecurity
13,age_days,236.000000,0.007468,DevTools
13,mrr_amount,3184.000000,0.000170,DevTools
13,seats,16.000000,-0.012012,DevTools
13,tenure_days,315.000000,0.018797,DevTools
13,u_count,45.000000,0.006152,DevTools
13,u_errors,3.000000,-0.006640,DevTools
13,t_n,3.000000,-0.003513,DevTools
13,t_csat,0.000000,0.002915,DevTools
14,age_days,65.000000,0.010452,DevTools
14,mrr_amount,490.000000,-0.003430,DevTools
14,seats,10.000000,-0.004271,DevTools
14,tenure_days,159.000000,-0.000255,DevTools
14,u_count,35.000000,-0.004807,DevTools
14,u_errors,1.000000,0.008857,DevTools
14,t_n,2.000000,0.000608,DevTools
14,t_csat,0.000000,-0.000405,DevTools
15,age_days,5.000000,0.001361,Cybersecurity
15,mrr_amount,8358.000000,-0.034807,Cybersecurity
15,seats,42.000000,0.009908,Cybersecurity
15,tenure_days,6.000000,0.008051,Cybersecurity
15,u_count,78.000000,-0.012538,Cybersecurity
15,u_errors,2.000000,-0.000788,Cybersecurity
15,t_n,2.000000,-0.002791,Cybersecurity
15,t_csat,5.000000,0.000949,Cybersecurity
16,age_days,183.000000,-0.006249,EdTech
16,mrr_amount,245.000000,0.000664,EdTech
16,seats,5.000000,-0.010836,EdTech
16,tenure_days,300.000000,-0.002337,EdTech
16,u_count,48.000000,-0.001226,EdTech
16,u_errors,5.000000,-0.004821,EdTech
16,t_n,5.000000,0.001218,EdTech
16,t_csat,3.666667,-0.001963,EdTech
17,age_days,83.000000,0.011167,DevTools
17,mrr_amount,10547.000000,-0.033320,DevTools
17,seats,53.000000,-0.006105,DevTools
17,tenure_days,159.000000,0.002656,DevTools
17,u_count,40.000000,0.001589,DevTools
17,u_errors,5.000000,-0.011414,DevTools
17,t_n,4.000000,0.010385,DevTools
17,t_csat,3.250000,-0.002115,DevTools
18,age_days,99.000000,-0.007163,FinTech
18,mrr_amount,570.000000,-0.003897,FinTech
18,seats,30.000000,0.000038,FinTech
18,tenure_days,177.000000,0.000212,FinTech
18,u_count,21.000000,-0.012340,FinTech
18,u_errors,2.000000,-0.006712,FinTech
18,t_n,4.000000,0.016341,FinTech
18,t_csat,4.500000,0.000024,FinTech
19,age_days,26.000000,0.007527,HealthTech
19,mrr_amount,152.000000,0.025291,HealthTech
19,seats,8.000000,-0.003978,HealthTech
19,tenure_days,47.000000,0.008882,HealthTech
19,u_count,41.000000,0.001172,HealthTech
19,u_errors,3.000000,-0.020699,HealthTech
19,t_n,7.000000,-0.035315,HealthTech
19,t_csat,3.800000,-0.005182,HealthTech
20,age_days,352.000000,-0.009209,DevTools
20,mrr_amount,1194.000000,-0.001839,DevTools
20,seats,6.000000,-0.007731,DevTools
20,tenure_days,523.000000,-0.012087,DevTools
20,u_count,27.000000,-0.001579,DevTools
20,u_errors,1.000000,0.001868,DevTools
20,t_n,2.000000,-0.000622,DevTools
20,t_csat,3.000000,-0.000205,DevTools
21,age_days,59.000000,0.006203,HealthTech
21,mrr_amount,4776.000000,0.002085,HealthTech
21,seats,24.000000,0.000683,HealthTech
21,tenure_days,421.000000,-0.006961,HealthTech
21,u_count,37.000000,-0.008544,HealthTech
21,u_errors,0.000000,0.002667,HealthTech
21,t_n,6.000000,-0.018860,HealthTech
21,t_csat,3.333333,-0.002203,HealthTech
22,age_days,83.000000,0.007852,DevTools
22,mrr_amount,703.000000,-0.004584,DevTools
22,seats,37.000000,0.000682,DevTools
22,tenure_days,503.000000,-0.029624,DevTools
22,u_count,22.000000,-0.002362,DevTools
22,u_errors,2.000000,-0.002906,DevTools
22,t_n,5.000000,0.004470,DevTools
22,t_csat,3.333333,-0.001811,DevTools
23,age_days,443.000000,-0.004161,FinTech
23,mrr_amount,490.000000,-0.001867,FinTech
23,seats,10.000000,-0.003432,FinTech
23,tenure_days,576.000000,-0.016615,FinTech
23,u_count,53.000000,-0.001078,FinTech
23,u_errors,5.000000,-0.002770,FinTech
23,t_n,5.000000,0.002020,FinTech
23,t_csat,3.250000,-0.002012,FinTech
24,age_days,433.000000,-0.006000,Cybersecurity
24,mrr_amount,9751.000000,-0.045305,Cybersecurity
24,seats,49.000000,-0.001723,Cybersecurity
24,tenure_days,492.000000,0.031806,Cybersecurity
24,u_count,68.000000,0.003544,Cybersecurity
24,u_errors,0.000000,0.003149,Cybersecurity
24,t_n,3.000000,-0.004185,Cybersecurity
24,t_csat,4.000000,-0.000582,Cybersecurity
25,age_days,469.000000,-0.005118,DevTools
25,mrr_amount,980.000000,-0.003294,DevTools
25,seats,20.000000,0.002199,DevTools
25,tenure_days,637.000000,-0.013673,DevTools
25,u_count,53.000000,-0.000200,DevTools
25,u_errors,8.000000,-0.008665,DevTools
25,t_n,2.000000,-0.000669,DevTools
25,t_csat,3.500000,-0.001548,DevTools
26,age_days,256.000000,-0.009183,EdTech
26,mrr_amount,1078.000000,-0.004239,EdTech
26,seats,22.000000,0.002823,EdTech
26,tenure_days,428.000000,-0.007750,EdTech
26,u_count,71.000000,-0.002009,EdTech
26,u_errors,4.000000,-0.006054,EdTech
26,t_n,3.000000,-0.003012,EdTech
26,t_csat,3.666667,-0.000790,EdTech
27,age_days,119.000000,-0.000873,FinTech
27,mrr_amount,228.000000,0.011592,FinTech
27,seats,12.000000,-0.003877,FinTech
27,tenure_days,258.000000,-0.012747,FinTech
27,u_count,11.000000,0.003617,FinTech
27,u_errors,0.000000,0.004720,FinTech
27,t_n,5.000000,0.001603,FinTech
27,t_csat,4.000000,-0.000918,FinTech
28,age_days,381.000000,-0.008111,HealthTech
28,mrr_amount,392.000000,-0.002057,HealthTech
28,seats,8.000000,-0.003533,HealthTech
28,tenure_days,382.000000,-0.006103,HealthTech
28,u_count,79.000000,-0.004659,HealthTech
28,u_errors,3.000000,-0.005442,HealthTech
28,t_n,2.000000,-0.001469,HealthTech
28,t_csat,0.000000,0.000224,HealthTech
29,age_days,309.000000,-0.017369,FinTech
29,mrr_amount,5572.000000,0.006891,FinTech
29,seats,28.000000,0.001638,FinTech
29,tenure_days,395.000000,-0.008887,FinTech
29,u_count,31.000000,-0.011454,FinTech
29,u_errors,1.000000,0.003539,FinTech
29,t_n,3.000000,-0.001387,FinTech
29,t_csat,0.000000,0.000895,FinTech
30,age_days,56.000000,0.022950,EdTech
30,mrr_amount,6169.000000,0.007122,EdTech
30,seats,31.000000,0.013409,EdTech
30,tenure_days,185.000000,0.016162,EdTech
30,u_count,9.000000,-0.008333,EdTech
30,u_errors,0.000000,0.009644,EdTech
30,t_n,4.000000,0.048364,EdTech
30,t_csat,3.000000,-0.003933,EdTech
31,age_days,37.000000,0.000366,FinTech
31,mrr_amount,3381.000000,0.003361,FinTech
31,seats,69.000000,-0.043131,FinTech
31,tenure_days,109.000000,0.004015,FinTech
31,u_count,63.000000,0.010989,FinTech
31,u_errors,5.000000,-0.010238,FinTech
31,t_n,4.000000,0.016431,FinTech
31,t_csat,4.500000,0.001114,FinTech
32,age_days,293.000000,-0.004936,Cybersecurity
32,mrr_amount,11940.000000,-0.007321,Cybersecurity
32,seats,60.000000,-0.006684,Cybersecurity
32,tenure_days,603.000000,-0.006742,Cybersecurity
32,u_count,51.000000,-0.000168,Cybersecurity
32,u_errors,4.000000,-0.003268,Cybersecurity
32,t_n,1.000000,-0.002956,Cybersecurity
32,t_csat,0.000000,0.000101,Cybersecurity
33,age_days,144.000000,-0.001370,EdTech
33,mrr_amount,17313.000000,-0.009978,EdTech
33,seats,87.000000,-0.009516,EdTech
33,tenure_days,270.000000,-0.002840,EdTech
33,u_count,27.000000,-0.001563,EdTech
33,u_errors,4.000000,-0.004735,EdTech
33,t_n,3.000000,-0.001397,EdTech
33,t_csat,4.000000,-0.000429,EdTech
34,age_days,19.000000,0.002773,HealthTech
34,mrr_amount,5970.000000,0.013458,HealthTech
34,seats,30.000000,0.002471,HealthTech
34,tenure_days,353.000000,-0.010573,HealthTech
34,u_count,37.000000,-0.017483,HealthTech
34,u_errors,3.000000,-0.015413,HealthTech
34,t_n,5.000000,0.010025,HealthTech
34,t_csat,3.666667,-0.001659,HealthTech
35,age_days,178.000000,-0.021552,DevTools
35,mrr_amount,4577.000000,0.012637,DevTools
35,seats,23.000000,0.003712,DevTools
35,tenure_days,412.000000,-0.016225,DevTools
35,u_count,44.000000,0.005511,DevTools
35,u_errors,1.000000,0.005625,DevTools
35,t_n,4.000000,0.015621,DevTools
35,t_csat,4.000000,-0.001166,DevTools
36,age_days,291.000000,-0.008599,FinTech
36,mrr_amount,6169.000000,0.005614,FinTech
36,seats,31.000000,0.000658,FinTech
36,tenure_days,515.000000,-0.015057,FinTech
36,u_count,36.000000,-0.006778,FinTech
36,u_errors,3.000000,-0.005407,FinTech
36,t_n,2.000000,-0.000311,FinTech
36,t_csat,4.000000,-0.000831,FinTech
37,age_days,75.000000,0.013611,EdTech
37,mrr_amount,7363.000000,-0.038650,EdTech
37,seats,37.000000,0.001536,EdTech
37,tenure_days,187.000000,0.008709,EdTech
37,u_count,38.000000,-0.001485,EdTech
37,u_errors,1.000000,0.005233,EdTech
37,t_n,1.000000,-0.013925,EdTech
37,t_csat,5.000000,-0.000673,EdTech
38,age_days,267.000000,-0.012313,DevTools
38,mrr_amount,3430.000000,0.005302,DevTools
38,seats,70.000000,-0.020726,DevTools
38,tenure_days,279.000000,-0.004625,DevTools
38,u_count,39.000000,0.001748,DevTools
38,u_errors,4.000000,-0.005196,DevTools
38,t_n,4.000000,0.007252,DevTools
38,t_csat,3.000000,-0.000110,DevTools
39,age_days,280.000000,-0.009437,HealthTech
39,mrr_amount,2189.000000,0.000886,HealthTech
39,seats,11.000000,-0.004836,HealthTech
39,tenure_days,432.000000,-0.006805,HealthTech
39,u_count,35.000000,-0.004033,HealthTech
39,u_errors,5.000000,-0.003024,HealthTech
39,t_n,3.000000,-0.001516,HealthTech
39,t_csat,5.000000,-0.000686,HealthTech
40,age_days,131.000000,0.001991,EdTech
40,mrr_amount,588.000000,-0.004360,EdTech
40,seats,12.000000,-0.005026,EdTech
40,tenure_days,265.000000,-0.005309,EdTech
40,u_count,69.000000,-0.000555,EdTech
40,u_errors,9.000000,-0.019569,EdTech
40,t_n,5.000000,0.004496,EdTech
40,t_csat,4.250000,-0.000521,EdTech
41,age_days,61.000000,0.003014,Cybersecurity
41,mrr_amount,539.000000,-0.006196,Cybersecurity
41,seats,11.000000,-0.004111,Cybersecurity
41,tenure_days,221.000000,-0.003298,Cybersecurity
41,u_count,41.000000,0.000600,Cybersecurity
41,u_errors,5.000000,-0.016969,Cybersecurity
41,t_n,5.000000,0.005485,Cybersecurity
41,t_csat,3.750000,-0.001806,Cybersecurity
42,age_days,46.000000,0.016052,Cybersecurity
42,mrr_amount,3383.000000,0.008400,Cybersecurity
42,seats,17.000000,-0.007086,Cybersecurity
42,tenure_days,187.000000,0.009366,Cybersecurity
42,u_count,35.000000,-0.022005,Cybersecurity
42,u_errors,0.000000,0.005284,Cybersecurity
42,t_n,5.000000,0.017249,Cybersecurity
42,t_csat,4.000000,0.001510,Cybersecurity
43,age_days,51.000000,0.006097,Cybersecurity
43,mrr_amount,1393.000000,-0.004116,Cybersecurity
43,seats,7.000000,-0.006436,Cybersecurity
43,tenure_days,159.000000,0.001265,Cybersecurity
43,u_count,8.000000,-0.002092,Cybersecurity
43,u_errors,0.000000,0.002767,Cybersecurity
43,t_n,1.000000,-0.018469,Cybersecurity
43,t_csat,3.000000,-0.001081,Cybersecurity
44,age_days,86.000000,0.009566,HealthTech
44,mrr_amount,1127.000000,-0.007933,HealthTech
44,seats,23.000000,0.000282,HealthTech
44,tenure_days,416.000000,-0.015782,HealthTech
44,u_count,52.000000,-0.001644,HealthTech
44,u_errors,0.000000,0.004678,HealthTech
44,t_n,3.000000,-0.003599,HealthTech
44,t_csat,5.000000,-0.000480,HealthTech
45,age_days,103.000000,-0.004552,Cybersecurity
45,mrr_amount,2587.000000,-0.003724,Cybersecurity
45,seats,13.000000,-0.010600,Cybersecurity
45,tenure_days,125.000000,0.005069,Cybersecurity
45,u_count,45.000000,0.010043,Cybersecurity
45,u_errors,0.000000,0.003301,Cybersecurity
45,t_n,1.000000,-0.008007,Cybersecurity
45,t_csat,4.000000,0.001942,Cybersecurity
46,age_days,51.000000,0.001664,HealthTech
46,mrr_amount,2587.000000,0.000348,HealthTech
46,seats,13.000000,-0.006209,HealthTech
46,tenure_days,186.000000,0.001433,HealthTech
46,u_count,86.000000,-0.008612,HealthTech
46,u_errors,4.000000,-0.010495,HealthTech
46,t_n,3.000000,-0.005247,HealthTech
46,t_csat,5.000000,0.000377,HealthTech
47,age_days,555.000000,-0.004854,Cybersecurity
47,mrr_amount,1274.000000,-0.002569,Cybersecurity
47,seats,26.000000,-0.000370,Cybersecurity
47,tenure_days,588.000000,-0.010240,Cybersecurity
47,u_count,32.000000,-0.004098,Cybersecurity
47,u_errors,4.000000,-0.004508,Cybersecurity
47,t_n,1.000000,-0.005050,Cybersecurity
47,t_csat,0.000000,0.000222,Cybersecurity
48,age_days,104.000000,-0.000963,EdTech
48,mrr_amount,245.000000,0.003155,EdTech
48,seats,5.000000,-0.012948,EdTech
48,tenure_days,187.000000,0.001570,EdTech
48,u_count,88.000000,-0.004523,EdTech
48,u_errors,2.000000,-0.004548,EdTech
48,t_n,1.000000,-0.008105,EdTech
48,t_csat,5.000000,-0.000257,EdTech
49,age_days,374.000000,-0.007692,EdTech
49,mrr_amount,475.000000,-0.001507,EdTech
49,seats,25.000000,-0.000823,EdTech
49,tenure_days,509.000000,-0.009535,EdTech
49,u_count,37.000000,-0.003424,EdTech
49,u_errors,0.000000,0.000735,EdTech
49,t_n,7.000000,-0.008669,EdTech
49,t_csat,3.500000,-0.000945,EdTech
50,age_days,360.000000,-0.007457,HealthTech
50,mrr_amount,9353.000000,-0.010570,HealthTech
50,seats,47.000000,-0.002683,HealthTech
50,tenure_days,629.000000,-0.009622,HealthTech
50,u_count,51.000000,-0.000286,HealthTech
50,u_errors,0.000000,0.000957,HealthTech
50,t_n,3.000000,-0.001771,HealthTech
50,t_csat,4.333333,-0.000406,HealthTech
51,age_days,463.000000,-0.007023,DevTools
51,mrr_amount,8955.000000,-0.014051,DevTools
51,seats,45.000000,0.005972,DevTools
51,tenure_days,612.000000,-0.012249,DevTools
51,u_count,33.000000,-0.003740,DevTools
51,u_errors,0.000000,0.001194,DevTools
51,t_n,3.000000,-0.001250,DevTools
51,t_csat,4.000000,-0.000448,DevTools
52,age_days,95.000000,0.010586,HealthTech
52,mrr_amount,1519.000000,0.001773,HealthTech
52,seats,31.000000,0.006625,HealthTech
52,tenure_days,488.000000,0.083968,HealthTech
52,u_count,52.000000,0.014909,HealthTech
52,u_errors,0.000000,0.009752,HealthTech
52,t_n,3.000000,0.005442,HealthTech
52,t_csat,4.000000,-0.002650,HealthTech
53,age_days,168.000000,-0.008552,HealthTech
53,mrr_amount,1029.000000,-0.002261,HealthTech
53,seats,21.000000,0.002502,HealthTech
53,tenure_days,593.000000,-0.019599,HealthTech
53,u_count,30.000000,-0.004012,HealthTech
53,u_errors,1.000000,0.002556,HealthTech
53,t_n,2.000000,-0.000414,HealthTech
53,t_csat,4.000000,-0.000341,HealthTech
54,age_days,166.000000,0.001434,EdTech
54,mrr_amount,5373.000000,0.030496,EdTech
54,seats,27.000000,0.008049,EdTech
54,tenure_days,265.000000,-0.007947,EdTech
54,u_count,90.000000,0.012995,EdTech
54,u_errors,5.000000,0.001487,EdTech
54,t_n,2.000000,-0.004323,EdTech
54,t_csat,4.000000,-0.004759,EdTech
55,age_days,236.000000,-0.008967,FinTech
55,mrr_amount,513.000000,-0.003258,FinTech
55,seats,27.000000,-0.000182,FinTech
55,tenure_days,247.000000,-0.002607,FinTech
55,u_count,26.000000,-0.006189,FinTech
55,u_errors,0.000000,0.001610,FinTech
55,t_n,3.000000,-0.002128,FinTech
55,t_csat,3.000000,-0.000170,FinTech
56,age_days,117.000000,0.000344,HealthTech
56,mrr_amount,5771.000000,0.006296,HealthTech
56,seats,29.000000,0.001594,HealthTech
56,tenure_days,581.000000,-0.024792,HealthTech
56,u_count,0.000000,-0.010722,HealthTech
56,u_errors,0.000000,0.002559,HealthTech
56,t_n,3.000000,-0.002892,HealthTech
56,t_csat,4.000000,-0.001180,HealthTech
57,age_days,44.000000,0.012865,FinTech
57,mrr_amount,1791.000000,-0.006489,FinTech
57,seats,9.000000,-0.012108,FinTech
57,tenure_days,170.000000,0.001047,FinTech
57,u_count,17.000000,-0.014482,FinTech
57,u_errors,0.000000,0.005581,FinTech
57,t_n,4.000000,0.021089,FinTech
57,t_csat,4.666667,0.000289,FinTech
58,age_days,158.000000,-0.005524,Cybersecurity
58,mrr_amount,1292.000000,-0.001823,Cybersecurity
58,seats,68.000000,-0.012237,Cybersecurity
58,tenure_days,378.000000,-0.004551,Cybersecurity
58,u_count,9.000000,-0.001731,Cybersecurity
58,u_errors,0.000000,0.001092,Cybersecurity
58,t_n,1.000000,-0.006753,Cybersecurity
58,t_csat,0.000000,0.000225,Cybersecurity
59,age_days,117.000000,-0.000686,EdTech
59,mrr_amount,4508.000000,0.006143,EdTech
59,seats,92.000000,-0.026547,EdTech
59,tenure_days,188.000000,0.001226,EdTech
59,u_count,70.000000,0.002546,EdTech
59,u_errors,2.000000,-0.004110,EdTech
59,t_n,2.000000,-0.003703,EdTech
59,t_csat,4.000000,-0.000617,EdTech
60,age_days,174.000000,-0.007211,EdTech
60,mrr_amount,304.000000,-0.003231,EdTech
60,seats,16.000000,-0.005793,EdTech
60,tenure_days,265.000000,-0.008262,EdTech
60,u_count,58.000000,0.003926,EdTech
60,u_errors,6.000000,-0.005185,EdTech
60,t_n,5.000000,0.001678,EdTech
60,t_csat,4.250000,-0.001515,EdTech
61,age_days,141.000000,-0.002171,FinTech
61,mrr_amount,931.000000,-0.005786,FinTech
61,seats,19.000000,0.001774,FinTech
61,tenure_days,347.000000,-0.007836,FinTech
61,u_count,68.000000,-0.001095,FinTech
61,u_errors,9.000000,-0.017110,FinTech
61,t_n,5.000000,0.004352,FinTech
61,t_csat,4.600000,-0.000869,FinTech
62,age_days,137.000000,-0.002686,HealthTech
62,mrr_amount,441.000000,-0.001738,HealthTech
62,seats,9.000000,-0.004066,HealthTech
62,tenure_days,301.000000,-0.001650,HealthTech
62,u_count,30.000000,-0.003100,HealthTech
62,u_errors,4.000000,-0.010862,HealthTech
62,t_n,3.000000,-0.001559,HealthTech
62,t_csat,4.000000,-0.000514,HealthTech
63,age_days,60.000000,0.007825,HealthTech
63,mrr_amount,2587.000000,-0.003769,HealthTech
63,seats,13.000000,-0.006769,HealthTech
63,tenure_days,186.000000,0.002474,HealthTech
63,u_count,30.000000,-0.005382,HealthTech
63,u_errors,2.000000,-0.003930,HealthTech
63,t_n,3.000000,-0.002988,HealthTech
63,t_csat,5.000000,0.000563,HealthTech
64,age_days,210.000000,-0.003666,HealthTech
64,mrr_amount,15522.000000,-0.008219,HealthTech
64,seats,78.000000,-0.008100,HealthTech
64,tenure_days,332.000000,-0.002945,HealthTech
64,u_count,0.000000,-0.001923,HealthTech
64,u_errors,0.000000,0.000659,HealthTech
64,t_n,6.000000,-0.007235,HealthTech
64,t_csat,3.666667,-0.000523,HealthTech
65,age_days,180.000000,-0.011855,DevTools
65,mrr_amount,2587.000000,-0.001696,DevTools
65,seats,13.000000,-0.005092,DevTools
65,tenure_days,501.000000,-0.025478,DevTools
65,u_count,13.000000,0.001300,DevTools
65,u_errors,1.000000,0.002725,DevTools
65,t_n,4.000000,0.011235,DevTools
65,t_csat,4.000000,-0.000180,DevTools
66,age_days,251.000000,-0.007057,DevTools
66,mrr_amount,2189.000000,-0.001463,DevTools
66,seats,11.000000,-0.007908,DevTools
66,tenure_days,330.000000,-0.008487,DevTools
66,u_count,47.000000,-0.000265,DevTools
66,u_errors,1.000000,0.002099,DevTools
66,t_n,2.000000,-0.001007,DevTools
66,t_csat,0.000000,0.001037,DevTools
67,age_days,473.000000,-0.008357,DevTools
67,mrr_amount,1121.000000,-0.002293,DevTools
67,seats,59.000000,-0.012910,DevTools
67,tenure_days,501.000000,-0.013178,DevTools
67,u_count,55.000000,-0.001889,DevTools
67,u_errors,1.000000,0.002161,DevTools
67,t_n,4.000000,0.005336,DevTools
67,t_csat,4.000000,-0.000253,DevTools
68,age_days,430.000000,-0.006183,HealthTech
68,mrr_amount,380.000000,0.004758,HealthTech
68,seats,20.000000,0.000913,HealthTech
68,tenure_days,567.000000,-0.016944,HealthTech
68,u_count,69.000000,-0.003571,HealthTech
68,u_errors,2.000000,-0.002253,HealthTech
68,t_n,1.000000,-0.006816,HealthTech
68,t_csat,4.000000,-0.000258,HealthTech
69,age_days,172.000000,-0.003009,EdTech
69,mrr_amount,2587.000000,0.001708,EdTech
69,seats,13.000000,-0.008143,EdTech
69,tenure_days,298.000000,-0.005352,EdTech
69,u_count,106.000000,-0.002266,EdTech
69,u_errors,6.000000,-0.001219,EdTech
69,t_n,2.000000,-0.002038,EdTech
69,t_csat,5.000000,-0.001503,EdTech
70,age_days,51.000000,0.000979,Cybersecurity
70,mrr_amount,882.000000,-0.004103,Cybersecurity
70,seats,18.000000,-0.003814,Cybersecurity
70,tenure_days,582.000000,-0.015869,Cybersecurity
70,u_count,56.000000,0.001411,Cybersecurity
70,u_errors,5.000000,-0.007456,Cybersecurity
70,t_n,2.000000,-0.001048,Cybersecurity
70,t_csat,3.500000,-0.001498,Cybersecurity
71,age_days,219.000000,0.002003,Cybersecurity
71,mrr_amount,1470.000000,-0.000808,Cybersecurity
71,seats,30.000000,0.000670,Cybersecurity
71,tenure_days,613.000000,-0.026446,Cybersecurity
71,u_count,99.000000,-0.004608,Cybersecurity
71,u_errors,6.000000,0.001495,Cybersecurity
71,t_n,2.000000,-0.001225,Cybersecurity
71,t_csat,3.000000,0.000759,Cybersecurity
72,age_days,10.000000,0.003119,HealthTech
72,mrr_amount,539.000000,-0.003471,HealthTech
72,seats,11.000000,-0.006111,HealthTech
72,tenure_days,57.000000,0.008833,HealthTech
72,u_count,51.000000,-0.005007,HealthTech
72,u_errors,4.000000,-0.017300,HealthTech
72,t_n,3.000000,-0.004113,HealthTech
72,t_csat,4.000000,0.002097,HealthTech
73,age_days,147.000000,-0.002630,Cybersecurity
73,mrr_amount,588.000000,-0.002616,Cybersecurity
73,seats,12.000000,-0.003504,Cybersecurity
73,tenure_days,221.000000,-0.003207,Cybersecurity
73,u_count,33.000000,-0.005876,Cybersecurity
73,u_errors,4.000000,-0.010677,Cybersecurity
73,t_n,5.000000,0.003317,Cybersecurity
73,t_csat,3.750000,-0.000933,Cybersecurity
74,age_days,326.000000,-0.010338,EdTech
74,mrr_amount,2009.000000,0.000310,EdTech
74,seats,41.000000,0.004230,EdTech
74,tenure_days,611.000000,-0.013507,EdTech
74,u_count,24.000000,-0.005998,EdTech
74,u_errors,0.000000,0.000856,EdTech
74,t_n,0.000000,-0.006693,EdTech
74,t_csat,0.000000,0.000221,EdTech
75,age_days,257.000000,-0.007210,FinTech
75,mrr_amount,441.000000,-0.001122,FinTech
75,seats,9.000000,-0.003013,FinTech
75,tenure_days,285.000000,-0.003034,FinTech
75,u_count,36.000000,-0.003193,FinTech
75,u_errors,4.000000,-0.004640,FinTech
75,t_n,6.000000,-0.008825,FinTech
75,t_csat,5.000000,-0.000285,FinTech
76,age_days,229.000000,-0.002672,HealthTech
76,mrr_amount,361.000000,0.006306,HealthTech
76,seats,19.000000,0.002102,HealthTech
76,tenure_days,363.000000,-0.008974,HealthTech
76,u_count,46.000000,0.002491,HealthTech
76,u_errors,6.000000,-0.004629,HealthTech
76,t_n,6.000000,-0.021044,HealthTech
76,t_csat,4.333333,-0.001467,HealthTech
77,age_days,189.000000,-0.005006,EdTech
77,mrr_amount,1194.000000,-0.005706,EdTech
77,seats,6.000000,-0.010971,EdTech
77,tenure_days,265.000000,-0.004759,EdTech
77,u_count,70.000000,0.001327,EdTech
77,u_errors,4.000000,-0.006221,EdTech
77,t_n,5.000000,0.004197,EdTech
77,t_csat,4.250000,-0.000461,EdTech
78,age_days,15.000000,0.002040,Cybersecurity
78,mrr_amount,245.000000,0.003394,Cybersecurity
78,seats,5.000000,-0.011584,Cybersecurity
78,tenure_days,25.000000,0.006540,Cybersecurity
78,u_count,36.000000,-0.004587,Cybersecurity
78,u_errors,3.000000,-0.010540,Cybersecurity
78,t_n,8.000000,-0.016178,Cybersecurity
78,t_csat,4.400000,0.001441,Cybersecurity
79,age_days,130.000000,0.010055,DevTools
79,mrr_amount,2107.000000,-0.000744,DevTools
79,seats,43.000000,0.018185,DevTools
79,tenure_days,152.000000,-0.008897,DevTools
79,u_count,22.000000,-0.010280,DevTools
79,u_errors,0.000000,0.008596,DevTools
79,t_n,2.000000,-0.000162,DevTools
79,t_csat,4.000000,-0.000639,DevTools
80,age_days,149.000000,0.000227,Cybersecurity
80,mrr_amount,9950.000000,-0.015946,Cybersecurity
80,seats,50.000000,-0.002667,Cybersecurity
80,tenure_days,597.000000,-0.015381,Cybersecurity
80,u_count,57.000000,0.006806,Cybersecurity
80,u_errors,7.000000,-0.002877,Cybersecurity
80,t_n,3.000000,-0.001737,Cybersecurity
80,t_csat,0.000000,0.000410,Cybersecurity
81,age_days,103.000000,-0.004263,DevTools
81,mrr_amount,4577.000000,0.005988,DevTools
81,seats,23.000000,0.001634,DevTools
81,tenure_days,161.000000,-0.003058,DevTools
81,u_count,37.000000,-0.013764,DevTools
81,u_errors,4.000000,-0.013724,DevTools
81,t_n,5.000000,0.008249,DevTools
81,t_csat,4.000000,-0.000808,DevTools
82,age_days,40.000000,0.000616,Cybersecurity
82,mrr_amount,9950.000000,-0.024762,Cybersecurity
82,seats,50.000000,-0.004564,Cybersecurity
82,tenure_days,187.000000,0.001804,Cybersecurity
82,u_count,65.000000,0.002274,Cybersecurity
82,u_errors,4.000000,-0.009766,Cybersecurity
82,t_n,5.000000,0.006080,Cybersecurity
82,t_csat,4.000000,0.000146,Cybersecurity
83,age_days,124.000000,-0.000082,Cybersecurity
83,mrr_amount,931.000000,-0.003457,Cybersecurity
83,seats,19.000000,0.001293,Cybersecurity
83,tenure_days,637.000000,-0.014832,Cybersecurity
83,u_count,94.000000,-0.005032,Cybersecurity
83,u_errors,4.000000,-0.007096,Cybersecurity
83,t_n,3.000000,-0.002645,Cybersecurity
83,t_csat,0.000000,0.000351,Cybersecurity
84,age_days,16.000000,0.005442,FinTech
84,mrr_amount,703.000000,-0.010608,FinTech
84,seats,37.000000,0.002377,FinTech
84,tenure_days,72.000000,0.015033,FinTech
84,u_count,51.000000,-0.008170,FinTech
84,u_errors,2.000000,-0.001244,FinTech
84,t_n,2.000000,-0.002244,FinTech
84,t_csat,4.000000,0.004087,FinTech
85,age_days,140.000000,-0.000420,HealthTech
85,mrr_amount,5970.000000,0.018056,HealthTech
85,seats,30.000000,0.005022,HealthTech
85,tenure_days,353.000000,-0.013117,HealthTech
85,u_count,11.000000,-0.019544,HealthTech
85,u_errors,0.000000,0.004343,HealthTech
85,t_n,5.000000,0.013463,HealthTech
85,t_csat,3.666667,-0.002166,HealthTech
86,age_days,18.000000,0.003262,EdTech
86,mrr_amount,494.000000,-0.002621,EdTech
86,seats,26.000000,-0.000357,EdTech
86,tenure_days,543.000000,-0.027458,EdTech
86,u_count,22.000000,-0.002477,EdTech
86,u_errors,0.000000,0.003154,EdTech
86,t_n,2.000000,-0.001271,EdTech
86,t_csat,4.500000,0.000826,EdTech
87,age_days,286.000000,-0.012199,HealthTech
87,mrr_amount,3781.000000,0.002953,HealthTech
87,seats,19.000000,0.002711,HealthTech
87,tenure_days,432.000000,-0.007379,HealthTech
87,u_count,35.000000,-0.006637,HealthTech
87,u_errors,3.000000,-0.005861,HealthTech
87,t_n,3.000000,-0.001530,HealthTech
87,t_csat,5.000000,-0.000508,HealthTech
88,age_days,48.000000,0.015283,DevTools
88,mrr_amount,437.000000,-0.015576,DevTools
88,seats,23.000000,0.000611,DevTools
88,tenure_days,161.000000,-0.002550,DevTools
88,u_count,40.000000,0.002201,DevTools
88,u_errors,1.000000,0.011463,DevTools
88,t_n,5.000000,0.010151,DevTools
88,t_csat,4.000000,0.001892,DevTools
89,age_days,21.000000,0.005564,Cybersecurity
89,mrr_amount,2388.000000,0.000039,Cybersecurity
89,seats,12.000000,-0.011239,Cybersecurity
89,tenure_days,21.000000,0.013299,Cybersecurity
89,u_count,53.000000,-0.014247,Cybersecurity
89,u_errors,2.000000,0.003275,Cybersecurity
89,t_n,4.000000,0.018481,Cybersecurity
89,t_csat,3.666667,-0.009176,Cybersecurity
90,age_days,179.000000,-0.006509,EdTech
90,mrr_amount,931.000000,-0.005766,EdTech
90,seats,19.000000,0.002378,EdTech
90,tenure_days,187.000000,0.000283,EdTech
90,u_count,41.000000,-0.000194,EdTech
90,u_errors,6.000000,-0.004714,EdTech
90,t_n,1.000000,-0.009750,EdTech
90,t_csat,5.000000,-0.001236,EdTech
91,age_days,24.000000,0.002785,HealthTech
91,mrr_amount,3383.000000,0.012640,HealthTech
91,seats,17.000000,-0.008736,HealthTech
91,tenure_days,241.000000,-0.003972,HealthTech
91,u_count,39.000000,0.009078,HealthTech
91,u_errors,6.000000,-0.018087,HealthTech
91,t_n,2.000000,0.000763,HealthTech
91,t_csat,5.000000,0.000284,HealthTech
92,age_days,163.000000,-0.006889,HealthTech
92,mrr_amount,2891.000000,-0.000114,HealthTech
92,seats,59.000000,-0.015893,HealthTech
92,tenure_days,393.000000,-0.005945,HealthTech
92,u_count,34.000000,-0.005548,HealthTech
92,u_errors,2.000000,-0.001631,HealthTech
92,t_n,4.000000,0.006504,HealthTech
92,t_csat,4.000000,-0.000455,HealthTech
93,age_days,243.000000,-0.009038,FinTech
93,mrr_amount,245.000000,0.005405,FinTech
93,seats,5.000000,-0.013000,FinTech
93,tenure_days,298.000000,-0.007686,FinTech
93,u_count,49.000000,-0.000148,FinTech
93,u_errors,1.000000,0.002904,FinTech
93,t_n,2.000000,-0.000267,FinTech
93,t_csat,3.000000,-0.000204,FinTech
94,age_days,111.000000,-0.002030,HealthTech
94,mrr_amount,882.000000,-0.007106,HealthTech
94,seats,18.000000,-0.009078,HealthTech
94,tenure_days,179.000000,-0.000647,HealthTech
94,u_count,60.000000,0.012862,HealthTech
94,u_errors,4.000000,-0.013680,HealthTech
94,t_n,1.000000,-0.006481,HealthTech
94,t_csat,0.000000,0.000253,HealthTech
95,age_days,122.000000,-0.001795,FinTech
95,mrr_amount,1634.000000,-0.000631,FinTech
95,seats,86.000000,-0.019941,FinTech
95,tenure_days,178.000000,0.000504,FinTech
95,u_count,38.000000,-0.002391,FinTech
95,u_errors,1.000000,0.003200,FinTech
95,t_n,1.000000,-0.008865,FinTech
95,t_csat,4.000000,-0.000226,FinTech
96,age_days,290.000000,-0.015262,HealthTech
96,mrr_amount,1393.000000,-0.003010,HealthTech
96,seats,7.000000,-0.004186,HealthTech
96,tenure_days,464.000000,-0.004838,HealthTech
96,u_count,44.000000,0.000512,HealthTech
96,u_errors,0.000000,0.001085,HealthTech
96,t_n,3.000000,-0.001557,HealthTech
96,t_csat,3.333333,-0.001686,HealthTech
97,age_days,21.000000,0.003997,FinTech
97,mrr_amount,1470.000000,-0.007116,FinTech
97,seats,30.000000,0.000923,FinTech
97,tenure_days,327.000000,-0.011174,FinTech
97,u_count,55.000000,-0.001364,FinTech
97,u_errors,1.000000,0.005691,FinTech
97,t_n,2.000000,-0.001309,FinTech
97,t_csat,0.000000,-0.000689,FinTech
98,age_days,320.000000,-0.012843,Cybersecurity
98,mrr_amount,1159.000000,-0.001586,Cybersecurity
98,seats,61.000000,-0.014252,Cybersecurity
98,tenure_days,322.000000,-0.004891,Cybersecurity
98,u_count,33.000000,-0.004903,Cybersecurity
98,u_errors,0.000000,0.001286,Cybersecurity
98,t_n,4.000000,0.006160,Cybersecurity
98,t_csat,4.000000,-0.000149,Cybersecurity
99,age_days,173.000000,-0.007406,Cybersecurity
99,mrr_amount,1273.000000,-0.002915,Cybersecurity
99,seats,67.000000,-0.016746,Cybersecurity
99,tenure_days,337.000000,-0.005446,Cybersecurity
99,u_count,41.000000,0.000560,Cybersecurity
99,u_errors,1.000000,0.002491,Cybersecurity
99,t_n,2.000000,-0.000607,Cybersecurity
99,t_csat,4.500000,-0.000117,Cybersecurity
100,age_days,44.000000,0.007865,Cybersecurity
100,mrr_amount,1764.000000,0.001505,Cybersecurity
100,seats,36.000000,0.002055,Cybersecurity
100,tenure_days,322.000000,-0.013565,Cybersecurity
100,u_count,43.000000,0.000884,Cybersecurity
100,u_errors,3.000000,-0.023657,Cybersecurity
100,t_n,4.000000,0.015142,Cybersecurity
100,t_csat,4.000000,0.001219,Cybersecurity
101,age_days,37.000000,0.004985,FinTech
101,mrr_amount,6965.000000,-0.027414,FinTech
101,seats,35.000000,0.000947,FinTech
101,tenure_days,89.000000,0.005823,FinTech
101,u_count,4.000000,-0.003777,FinTech
101,u_errors,0.000000,0.000170,FinTech
101,t_n,1.000000,-0.011925,FinTech
101,t_csat,4.000000,0.000518,FinTech
102,age_days,10.000000,0.014815,FinTech
102,mrr_amount,5572.000000,0.039851,FinTech
102,seats,28.000000,0.009902,FinTech
102,tenure_days,38.000000,0.014648,FinTech
102,u_count,50.000000,0.002647,FinTech
102,u_errors,2.000000,0.002315,FinTech
102,t_n,4.000000,0.030005,FinTech
102,t_csat,3.250000,-0.009691,FinTech
103,age_days,23.000000,0.014158,Cybersecurity
103,mrr_amount,931.000000,-0.001968,Cybersecurity
103,seats,49.000000,-0.002371,Cybersecurity
103,tenure_days,455.000000,-0.007519,Cybersecurity
103,u_count,20.000000,-0.012831,Cybersecurity
103,u_errors,0.000000,0.007213,Cybersecurity
103,t_n,4.000000,0.021401,Cybersecurity
103,t_csat,4.333333,0.002081,Cybersecurity
104,age_days,209.000000,-0.004265,Cybersecurity
104,mrr_amount,392.000000,-0.001288,Cybersecurity
104,seats,8.000000,-0.003453,Cybersecurity
104,tenure_days,431.000000,-0.006648,Cybersecurity
104,u_count,32.000000,-0.003610,Cybersecurity
104,u_errors,6.000000,-0.004100,Cybersecurity
104,t_n,3.000000,-0.001314,Cybersecurity
104,t_csat,4.666667,-0.001190,Cybersecurity
105,age_days,327.000000,-0.011120,EdTech
105,mrr_amount,342.000000,0.005549,EdTech
105,seats,18.000000,-0.002854,EdTech
105,tenure_days,428.000000,-0.007705,EdTech
105,u_count,22.000000,-0.002009,EdTech
105,u_errors,6.000000,-0.005612,EdTech
105,t_n,3.000000,-0.002308,EdTech
105,t_csat,3.666667,-0.001578,EdTech
106,age_days,1.000000,0.050539,Cybersecurity
106,mrr_amount,190.000000,0.104821,Cybersecurity
106,seats,10.000000,-0.010584,Cybersecurity
106,tenure_days,227.000000,0.012305,Cybersecurity
106,u_count,34.000000,-0.002670,Cybersecurity
106,u_errors,1.000000,0.029062,Cybersecurity
106,t_n,2.000000,0.023642,Cybersecurity
106,t_csat,4.000000,0.005205,Cybersecurity
107,age_days,4.000000,-0.001135,Cybersecurity
107,mrr_amount,570.000000,-0.006351,Cybersecurity
107,seats,30.000000,-0.001700,Cybersecurity
107,tenure_days,64.000000,0.029993,Cybersecurity
107,u_count,5.000000,0.014020,Cybersecurity
107,u_errors,2.000000,0.004139,Cybersecurity
107,t_n,4.000000,0.038481,Cybersecurity
107,t_csat,3.750000,-0.015158,Cybersecurity
108,age_days,94.000000,-0.001660,EdTech
108,mrr_amount,1615.000000,0.002511,EdTech
108,seats,85.000000,-0.022772,EdTech
108,tenure_days,268.000000,-0.006265,EdTech
108,u_count,51.000000,-0.001902,EdTech
108,u_errors,2.000000,-0.002251,EdTech
108,t_n,5.000000,0.004234,EdTech
108,t_csat,3.000000,-0.000134,EdTech
109,age_days,152.000000,-0.004113,EdTech
109,mrr_amount,931.000000,-0.010883,EdTech
109,seats,19.000000,0.005145,EdTech
109,tenure_days,268.000000,-0.010523,EdTech
109,u_count,42.000000,0.001929,EdTech
109,u_errors,7.000000,-0.007851,EdTech
109,t_n,5.000000,0.005578,EdTech
109,t_csat,3.000000,0.000372,EdTech
110,age_days,267.000000,-0.014271,FinTech
110,mrr_amount,8557.000000,-0.019332,FinTech
110,seats,43.000000,0.005091,FinTech
110,tenure_days,483.000000,-0.004098,FinTech
110,u_count,53.000000,-0.000853,FinTech
110,u_errors,0.000000,0.001479,FinTech
110,t_n,5.000000,0.002051,FinTech
110,t_csat,4.250000,-0.000414,FinTech
111,age_days,28.000000,0.000462,EdTech
111,mrr_amount,9950.000000,-0.016353,EdTech
111,seats,50.000000,-0.002240,EdTech
111,tenure_days,199.000000,-0.000999,EdTech
111,u_count,81.000000,-0.003932,EdTech
111,u_errors,5.000000,-0.006066,EdTech
111,t_n,2.000000,-0.002099,EdTech
111,t_csat,4.000000,-0.000167,EdTech
112,age_days,251.000000,-0.007143,Cybersecurity
112,mrr_amount,2401.000000,-0.000935,Cybersecurity
112,seats,49.000000,-0.004779,Cybersecurity
112,tenure_days,560.000000,-0.022484,Cybersecurity
112,u_count,52.000000,-0.001722,Cybersecurity
112,u_errors,0.000000,0.000799,Cybersecurity
112,t_n,4.000000,0.006755,Cybersecurity
112,t_csat,4.000000,-0.000190,Cybersecurity
113,age_days,193.000000,-0.006928,HealthTech
113,mrr_amount,2303.000000,-0.001108,HealthTech
113,seats,47.000000,-0.003792,HealthTech
113,tenure_days,629.000000,-0.017181,HealthTech
113,u_count,47.000000,-0.000086,HealthTech
113,u_errors,0.000000,0.001224,HealthTech
113,t_n,3.000000,-0.002366,HealthTech
113,t_csat,4.333333,-0.000266,HealthTech
114,age_days,75.000000,0.017919,Cybersecurity
114,mrr_amount,95.000000,0.026944,Cybersecurity
114,seats,5.000000,-0.028233,Cybersecurity
114,tenure_days,159.000000,0.005884,Cybersecurity
114,u_count,42.000000,-0.000852,Cybersecurity
114,u_errors,3.000000,-0.027377,Cybersecurity
114,t_n,1.000000,-0.015835,Cybersecurity
114,t_csat,3.000000,-0.000095,Cybersecurity
115,age_days,21.000000,0.006540,FinTech
115,mrr_amount,1176.000000,-0.007245,FinTech
115,seats,24.000000,0.000599,FinTech
115,tenure_days,93.000000,0.020617,FinTech
115,u_count,36.000000,-0.006751,FinTech
115,u_errors,2.000000,-0.000499,FinTech
115,t_n,3.000000,-0.001725,FinTech
115,t_csat,5.000000,0.004815,FinTech
116,age_days,331.000000,-0.010744,DevTools
116,mrr_amount,49.000000,0.013161,DevTools
116,seats,1.000000,-0.009174,DevTools
116,tenure_days,555.000000,-0.015069,DevTools
116,u_count,45.000000,0.003163,DevTools
116,u_errors,3.000000,-0.007320,DevTools
116,t_n,1.000000,-0.004281,DevTools
116,t_csat,3.000000,-0.000309,DevTools
117,age_days,78.000000,0.006837,HealthTech
117,mrr_amount,342.000000,0.006231,HealthTech
117,seats,18.000000,-0.003879,HealthTech
117,tenure_days,333.000000,-0.010893,HealthTech
117,u_count,83.000000,-0.014157,HealthTech
117,u_errors,2.000000,-0.004981,HealthTech
117,t_n,3.000000,-0.005236,HealthTech
117,t_csat,4.333333,-0.000335,HealthTech
118,age_days,161.000000,-0.004324,FinTech
118,mrr_amount,3577.000000,0.001426,FinTech
118,seats,73.000000,-0.009821,FinTech
118,tenure_days,212.000000,-0.000997,FinTech
118,u_count,18.000000,-0.005537,FinTech
118,u_errors,4.000000,-0.003971,FinTech
118,t_n,6.000000,-0.007999,FinTech
118,t_csat,3.666667,-0.000570,FinTech
119,age_days,12.000000,-0.007288,FinTech
119,mrr_amount,5373.000000,0.018021,FinTech
119,seats,27.000000,0.003152,FinTech
119,tenure_days,87.000000,0.003466,FinTech
119,u_count,84.000000,-0.008610,FinTech
119,u_errors,6.000000,-0.010027,FinTech
119,t_n,3.000000,-0.008485,FinTech
119,t_csat,3.500000,-0.004373,FinTech
120,age_days,254.000000,-0.009986,EdTech
120,mrr_amount,1323.000000,-0.002770,EdTech
120,seats,27.000000,-0.000074,EdTech
120,tenure_days,265.000000,-0.004489,EdTech
120,u_count,35.000000,-0.004000,EdTech
120,u_errors,3.000000,-0.006320,EdTech
120,t_n,2.000000,-0.000422,EdTech
120,t_csat,4.000000,-0.000388,EdTech
121,age_days,34.000000,0.003268,EdTech
121,mrr_amount,3097.000000,0.000233,EdTech
121,seats,163.000000,-0.026592,EdTech
121,tenure_days,175.000000,0.002469,EdTech
121,u_count,28.000000,-0.004556,EdTech
121,u_errors,3.000000,-0.011384,EdTech
121,t_n,4.000000,0.009705,EdTech
121,t_csat,3.000000,-0.000693,EdTech
122,age_days,453.000000,-0.005980,HealthTech
122,mrr_amount,3980.000000,0.001494,HealthTech
122,seats,20.000000,0.001966,HealthTech
122,tenure_days,610.000000,-0.011392,HealthTech
122,u_count,18.000000,-0.006497,HealthTech
122,u_errors,2.000000,-0.001047,HealthTech
122,t_n,7.000000,-0.009127,HealthTech
122,t_csat,3.400000,-0.001041,HealthTech
123,age_days,422.000000,-0.013972,DevTools
123,mrr_amount,380.000000,0.019850,DevTools
123,seats,20.000000,0.006792,DevTools
123,tenure_days,483.000000,-0.008499,DevTools
123,u_count,15.000000,-0.001980,DevTools
123,u_errors,0.000000,0.004290,DevTools
123,t_n,3.000000,-0.005175,DevTools
123,t_csat,4.666667,0.000304,DevTools
124,age_days,15.000000,0.001184,FinTech
124,mrr_amount,3781.000000,0.031719,FinTech
124,seats,19.000000,0.012876,FinTech
124,tenure_days,33.000000,0.001122,FinTech
124,u_count,60.000000,0.035968,FinTech
124,u_errors,6.000000,-0.017432,FinTech
124,t_n,3.000000,-0.008786,FinTech
124,t_csat,4.500000,0.002216,FinTech
125,age_days,107.000000,0.003377,EdTech
125,mrr_amount,2587.000000,0.005054,EdTech
125,seats,13.000000,-0.010355,EdTech
125,tenure_days,315.000000,0.010616,EdTech
125,u_count,58.000000,0.013642,EdTech
125,u_errors,4.000000,-0.011918,EdTech
125,t_n,7.000000,-0.028846,EdTech
125,t_csat,4.000000,-0.000399,EdTech
126,age_days,318.000000,-0.014181,FinTech
126,mrr_amount,637.000000,-0.002700,FinTech
126,seats,13.000000,-0.004394,FinTech
126,tenure_days,385.000000,-0.007974,FinTech
126,u_count,36.000000,-0.005488,FinTech
126,u_errors,2.000000,-0.002150,FinTech
126,t_n,4.000000,0.007629,FinTech
126,t_csat,4.000000,-0.000219,FinTech
127,age_days,56.000000,0.006441,EdTech
127,mrr_amount,784.000000,-0.008215,EdTech
127,seats,16.000000,-0.007355,EdTech
127,tenure_days,156.000000,0.000334,EdTech
127,u_count,44.000000,-0.001805,EdTech
127,u_errors,0.000000,0.004342,EdTech
127,t_n,1.000000,-0.014863,EdTech
127,t_csat,4.000000,0.000603,EdTech
128,age_days,7.000000,-0.006148,Cybersecurity
128,mrr_amount,399.000000,-0.005625,Cybersecurity
128,seats,21.000000,0.002098,Cybersecurity
128,tenure_days,159.000000,-0.000550,Cybersecurity
128,u_count,73.000000,-0.002740,Cybersecurity
128,u_errors,5.000000,-0.008545,Cybersecurity
128,t_n,1.000000,-0.008654,Cybersecurity
128,t_csat,3.000000,-0.000170,Cybersecurity
129,age_days,330.000000,-0.021523,DevTools
129,mrr_amount,3980.000000,0.001422,DevTools
129,seats,20.000000,0.005261,DevTools
129,tenure_days,483.000000,-0.004846,DevTools
129,u_count,11.000000,-0.005139,DevTools
129,u_errors,0.000000,0.001812,DevTools
129,t_n,3.000000,-0.003335,DevTools
129,t_csat,4.666667,-0.000120,DevTools
130,age_days,112.000000,-0.005967,FinTech
130,mrr_amount,1421.000000,0.000332,FinTech
130,seats,29.000000,0.002415,FinTech
130,tenure_days,134.000000,0.001773,FinTech
130,u_count,46.000000,0.003393,FinTech
130,u_errors,2.000000,-0.001037,FinTech
130,t_n,3.000000,-0.003567,FinTech
130,t_csat,4.000000,0.001803,FinTech
131,age_days,45.000000,0.002761,EdTech
131,mrr_amount,10945.000000,-0.022420,EdTech
131,seats,55.000000,0.012659,EdTech
131,tenure_days,136.000000,0.002285,EdTech
131,u_count,22.000000,-0.004391,EdTech
131,u_errors,4.000000,-0.009765,EdTech
131,t_n,1.000000,-0.009950,EdTech
131,t_csat,0.000000,-0.001340,EdTech
132,age_days,61.000000,0.001615,FinTech
132,mrr_amount,456.000000,-0.007441,FinTech
132,seats,24.000000,0.000134,FinTech
132,tenure_days,309.000000,0.003974,FinTech
132,u_count,50.000000,-0.001114,FinTech
132,u_errors,3.000000,-0.017999,FinTech
132,t_n,3.000000,-0.003348,FinTech
132,t_csat,4.333333,0.000068,FinTech
133,age_days,95.000000,0.005048,HealthTech
133,mrr_amount,3184.000000,-0.000213,HealthTech
133,seats,16.000000,-0.012471,HealthTech
133,tenure_days,309.000000,0.019897,HealthTech
133,u_count,41.000000,0.002071,HealthTech
133,u_errors,2.000000,-0.003699,HealthTech
133,t_n,4.000000,0.019601,HealthTech
133,t_csat,4.000000,-0.001778,HealthTech
134,age_days,9.000000,-0.000743,FinTech
134,mrr_amount,418.000000,-0.001704,FinTech
134,seats,22.000000,0.001271,FinTech
134,tenure_days,544.000000,-0.010748,FinTech
134,u_count,19.000000,-0.004580,FinTech
134,u_errors,4.000000,-0.006118,FinTech
134,t_n,6.000000,-0.009175,FinTech
134,t_csat,4.000000,-0.000036,FinTech
135,age_days,133.000000,0.001267,FinTech
135,mrr_amount,893.000000,-0.005695,FinTech
135,seats,47.000000,-0.002850,FinTech
135,tenure_days,207.000000,-0.004696,FinTech
135,u_count,62.000000,0.009765,FinTech
135,u_errors,6.000000,-0.015954,FinTech
135,t_n,2.000000,-0.003899,FinTech
135,t_csat,3.000000,0.000401,FinTech
136,age_days,22.000000,0.002013,FinTech
136,mrr_amount,1791.000000,-0.001193,FinTech
136,seats,9.000000,-0.009133,FinTech
136,tenure_days,170.000000,-0.001090,FinTech
136,u_count,25.000000,-0.006648,FinTech
136,u_errors,3.000000,-0.018885,FinTech
136,t_n,4.000000,0.013247,FinTech
136,t_csat,4.666667,0.000079,FinTech
137,age_days,426.000000,-0.010434,Cybersecurity
137,mrr_amount,1078.000000,-0.004401,Cybersecurity
137,seats,22.000000,0.004770,Cybersecurity
137,tenure_days,511.000000,-0.029777,Cybersecurity
137,u_count,13.000000,0.001811,Cybersecurity
137,u_errors,0.000000,0.001650,Cybersecurity
137,t_n,4.000000,0.013300,Cybersecurity
137,t_csat,3.666667,-0.001531,Cybersecurity
138,age_days,106.000000,0.000176,Cybersecurity
138,mrr_amount,686.000000,-0.004915,Cybersecurity
138,seats,14.000000,-0.005149,Cybersecurity
138,tenure_days,596.000000,-0.019199,Cybersecurity
138,u_count,64.000000,-0.002738,Cybersecurity
138,u_errors,1.000000,0.003320,Cybersecurity
138,t_n,2.000000,-0.001915,Cybersecurity
138,t_csat,5.000000,-0.000441,Cybersecurity
139,age_days,281.000000,-0.007361,DevTools
139,mrr_amount,10746.000000,-0.013989,DevTools
139,seats,54.000000,-0.002768,DevTools
139,tenure_days,518.000000,-0.013158,DevTools
139,u_count,57.000000,0.004911,DevTools
139,u_errors,6.000000,-0.002957,DevTools
139,t_n,4.000000,0.004654,DevTools
139,t_csat,4.000000,-0.000809,DevTools
140,age_days,78.000000,0.009371,HealthTech
140,mrr_amount,247.000000,0.001116,HealthTech
140,seats,13.000000,-0.004997,HealthTech
140,tenure_days,464.000000,-0.011116,HealthTech
140,u_count,57.000000,0.002909,HealthTech
140,u_errors,2.000000,-0.007083,HealthTech
140,t_n,3.000000,-0.002925,HealthTech
140,t_csat,3.333333,-0.002568,HealthTech
141,age_days,489.000000,-0.003768,DevTools
141,mrr_amount,1791.000000,-0.000198,DevTools
141,seats,9.000000,-0.006017,DevTools
141,tenure_days,617.000000,-0.016375,DevTools
141,u_count,68.000000,-0.000879,DevTools
141,u_errors,7.000000,0.000393,DevTools
141,t_n,3.000000,-0.002840,DevTools
141,t_csat,4.000000,-0.001014,DevTools
142,age_days,336.000000,-0.006539,FinTech
142,mrr_amount,1216.000000,-0.002031,FinTech
142,seats,64.000000,-0.010070,FinTech
142,tenure_days,422.000000,-0.004564,FinTech
142,u_count,57.000000,0.003953,FinTech
142,u_errors,6.000000,-0.003024,FinTech
142,t_n,6.000000,-0.009243,FinTech
142,t_csat,4.400000,-0.000295,FinTech
143,age_days,274.000000,-0.013348,HealthTech
143,mrr_amount,882.000000,-0.002538,HealthTech
143,seats,18.000000,-0.004114,HealthTech
143,tenure_days,333.000000,-0.005266,HealthTech
143,u_count,26.000000,-0.004029,HealthTech
143,u_errors,0.000000,0.001491,HealthTech
143,t_n,3.000000,-0.002117,HealthTech
143,t_csat,4.333333,-0.000304,HealthTech
144,age_days,25.000000,0.008484,EdTech
144,mrr_amount,114.000000,0.032020,EdTech
144,seats,6.000000,-0.028793,EdTech
144,tenure_days,137.000000,-0.001152,EdTech
144,u_count,32.000000,-0.004633,EdTech
144,u_errors,3.000000,-0.032283,EdTech
144,t_n,2.000000,0.003284,EdTech
144,t_csat,4.500000,0.001667,EdTech
145,age_days,137.000000,-0.000466,DevTools
145,mrr_amount,3980.000000,0.005432,DevTools
145,seats,20.000000,0.005919,DevTools
145,tenure_days,323.000000,-0.007411,DevTools
145,u_count,33.000000,-0.010596,DevTools
145,u_errors,4.000000,-0.010256,DevTools
145,t_n,2.000000,0.000704,DevTools
145,t_csat,4.500000,-0.000586,DevTools
146,age_days,139.000000,-0.010157,Cybersecurity
146,mrr_amount,209.000000,0.019421,Cybersecurity
146,seats,11.000000,-0.003652,Cybersecurity
146,tenure_days,207.000000,-0.005423,Cybersecurity
146,u_count,31.000000,-0.008772,Cybersecurity
146,u_errors,1.000000,0.008383,Cybersecurity
146,t_n,5.000000,-0.002658,Cybersecurity
146,t_csat,3.800000,-0.001746,Cybersecurity
147,age_days,122.000000,-0.001032,EdTech
147,mrr_amount,4378.000000,0.010626,EdTech
147,seats,22.000000,0.010807,EdTech
147,tenure_days,265.000000,-0.012416,EdTech
147,u_count,31.000000,-0.020447,EdTech
147,u_errors,1.000000,0.007440,EdTech
147,t_n,5.000000,0.013441,EdTech
147,t_csat,4.250000,-0.001236,EdTech
148,age_days,23.000000,0.005121,DevTools
148,mrr_amount,588.000000,-0.002560,DevTools
148,seats,12.000000,-0.004598,DevTools
148,tenure_days,221.000000,-0.000350,DevTools
148,u_count,0.000000,-0.003365,DevTools
148,u_errors,0.000000,0.005082,DevTools
148,t_n,2.000000,-0.003633,DevTools
148,t_csat,5.000000,0.001896,DevTools
149,age_days,169.000000,-0.011098,FinTech
149,mrr_amount,380.000000,0.004258,FinTech
149,seats,20.000000,0.001658,FinTech
149,tenure_days,383.000000,-0.009486,FinTech
149,u_count,65.000000,-0.003773,FinTech
149,u_errors,0.000000,0.003272,FinTech
149,t_n,1.000000,-0.009583,FinTech
149,t_csat,5.000000,-0.000231,FinTech
